기준연월,광역시도,시군구,지역명,숙박업_소비지출액(천원)
2025,전국,,전국,3167208915
2025,서울특별시,,서울특별시,913811888
2025,서울특별시,강남구,서울특별시 강남구,136807783
2025,서울특별시,강동구,서울특별시 강동구,3882120
2025,서울특별시,강북구,서울특별시 강북구,17023582
2025,서울특별시,강서구,서울특별시 강서구,30832695
2025,서울특별시,관악구,서울특별시 관악구,5838566
2025,서울특별시,광진구,서울특별시 광진구,52145235
2025,서울특별시,구로구,서울특별시 구로구,13627616
2025,서울특별시,금천구,서울특별시 금천구,4787736
2025,서울특별시,노원구,서울특별시 노원구,2309411
2025,서울특별시,도봉구,서울특별시 도봉구,1172312
2025,서울특별시,동대문구,서울특별시 동대문구,4526871
2025,서울특별시,동작구,서울특별시 동작구,3273178
2025,서울특별시,마포구,서울특별시 마포구,27690123
2025,서울특별시,서대문구,서울특별시 서대문구,7878811
2025,서울특별시,서초구,서울특별시 서초구,69381371
2025,서울특별시,성동구,서울특별시 성동구,1913932
2025,서울특별시,성북구,서울특별시 성북구,2255650
2025,서울특별시,송파구,서울특별시 송파구,57764118
2025,서울특별시,양천구,서울특별시 양천구,905583
2025,서울특별시,영등포구,서울특별시 영등포구,62089110
2025,서울특별시,용산구,서울특별시 용산구,68521325
2025,서울특별시,은평구,서울특별시 은평구,2877828
2025,서울특별시,종로구,서울특별시 종로구,63066139
2025,서울특별시,중구,서울특별시 중구,270217021
2025,서울특별시,중랑구,서울특별시 중랑구,3023772
2025,부산광역시,,부산광역시,236126306
2025,부산광역시,강서구,부산광역시 강서구,4576932
2025,부산광역시,금정구,부산광역시 금정구,1347079
2025,부산광역시,기장군,부산광역시 기장군,47737274
2025,부산광역시,남구,부산광역시 남구,10968021
2025,부산광역시,동구,부산광역시 동구,7834871
2025,부산광역시,동래구,부산광역시 동래구,14152307
2025,부산광역시,부산진구,부산광역시 부산진구,17838833
2025,부산광역시,북구,부산광역시 북구,2065354
2025,부산광역시,사상구,부산광역시 사상구,3035575
2025,부산광역시,사하구,부산광역시 사하구,1713090
2025,부산광역시,서구,부산광역시 서구,9672367
2025,부산광역시,수영구,부산광역시 수영구,7261021
2025,부산광역시,연제구,부산광역시 연제구,2423639
2025,부산광역시,영도구,부산광역시 영도구,3572898
2025,부산광역시,중구,부산광역시 중구,6950455
2025,부산광역시,해운대구,부산광역시 해운대구,94976590
2025,대구광역시,,대구광역시,76144608
2025,경상북도,군위군,경상북도 군위군,224192
2025,대구광역시,남구,대구광역시 남구,1281818
2025,대구광역시,달서구,대구광역시 달서구,5258233
2025,대구광역시,달성군,대구광역시 달성군,2294961
2025,대구광역시,동구,대구광역시 동구,19422769
2025,대구광역시,북구,대구광역시 북구,9852610
2025,대구광역시,서구,대구광역시 서구,1766961
2025,대구광역시,수성구,대구광역시 수성구,31907166
2025,대구광역시,중구,대구광역시 중구,4135899
2025,인천광역시,,인천광역시,181394026
2025,인천광역시,강화군,인천광역시 강화군,3982473
2025,인천광역시,계양구,인천광역시 계양구,3525913
2025,인천광역시,남동구,인천광역시 남동구,6790069
2025,인천광역시,동구,인천광역시 동구,416307
2025,인천광역시,미추홀구,인천광역시 미추홀구,3905719
2025,인천광역시,부평구,인천광역시 부평구,5693318
2025,인천광역시,서구,인천광역시 서구,4921094
2025,인천광역시,연수구,인천광역시 연수구,25527371
2025,인천광역시,옹진군,인천광역시 옹진군,3405095
2025,인천광역시,중구,인천광역시 중구,123226667
2025,광주광역시,,광주광역시,25619165
2025,광주광역시,광산구,광주광역시 광산구,6727908
2025,광주광역시,남구,광주광역시 남구,559309
2025,광주광역시,동구,광주광역시 동구,3755150
2025,광주광역시,북구,광주광역시 북구,3991598
2025,광주광역시,서구,광주광역시 서구,10585201
2025,대전광역시,,대전광역시,39865818
2025,대전광역시,대덕구,대전광역시 대덕구,3138427
2025,대전광역시,동구,대전광역시 동구,2602330
2025,대전광역시,서구,대전광역시 서구,6349176
2025,대전광역시,유성구,대전광역시 유성구,24364444
2025,대전광역시,중구,대전광역시 중구,3411440
2025,울산광역시,,울산광역시,32375999
2025,울산광역시,남구,울산광역시 남구,13645658
2025,울산광역시,동구,울산광역시 동구,9156227
2025,울산광역시,북구,울산광역시 북구,2896872
2025,울산광역시,울주군,울산광역시 울주군,5243826
2025,울산광역시,중구,울산광역시 중구,1433416
2025,세종특별자치시,,세종특별자치시,7390426
2025,세종특별자치시,세종특별자치시,세종특별자치시,7390426
2025,경기도,,경기도,307091841
2025,경기도,가평군,경기도 가평군,29538872
2025,경기도,고양시,경기도 고양시,15466657
2025,경기도,고양시 덕양구,경기도 고양시 덕양구,3154693
2025,경기도,고양시 일산동구,경기도 고양시 일산동구,10057492
2025,경기도,고양시 일산서구,경기도 고양시 일산서구,2254473
2025,경기도,과천시,경기도 과천시,42061
2025,경기도,광명시,경기도 광명시,7245507
2025,경기도,광주시,경기도 광주시,29127408
2025,경기도,구리시,경기도 구리시,3303421
2025,경기도,군포시,경기도 군포시,5004833
2025,경기도,김포시,경기도 김포시,8789076
2025,경기도,남양주시,경기도 남양주시,5166520
2025,경기도,동두천시,경기도 동두천시,1427235
2025,경기도,부천시,경기도 부천시,7497235
2025,경기도,부천시 소사구,경기도 부천시 소사구,612494
2025,경기도,부천시 오정구,경기도 부천시 오정구,1291657
2025,경기도,부천시 원미구,경기도 부천시 원미구,5593084
2025,경기도,성남시,경기도 성남시,44618048
2025,경기도,성남시 분당구,경기도 성남시 분당구,31486000
2025,경기도,성남시 수정구,경기도 성남시 수정구,9101808
2025,경기도,성남시 중원구,경기도 성남시 중원구,4030240
2025,경기도,수원시,경기도 수원시,32759683
2025,경기도,수원시 권선구,경기도 수원시 권선구,3472504
2025,경기도,수원시 영통구,경기도 수원시 영통구,5875338
2025,경기도,수원시 장안구,경기도 수원시 장안구,1916089
2025,경기도,수원시 팔달구,경기도 수원시 팔달구,21495752
2025,경기도,시흥시,경기도 시흥시,7970558
2025,경기도,안산시,경기도 안산시,10459070
2025,경기도,안산시 단원구,경기도 안산시 단원구,6974465
2025,경기도,안산시 상록구,경기도 안산시 상록구,3484605
2025,경기도,안성시,경기도 안성시,4170834
2025,경기도,안양시,경기도 안양시,7276628
2025,경기도,안양시 동안구,경기도 안양시 동안구,3632513
2025,경기도,안양시 만안구,경기도 안양시 만안구,3644115
2025,경기도,양주시,경기도 양주시,2515606
2025,경기도,양평군,경기도 양평군,8105498
2025,경기도,여주시,경기도 여주시,4293297
2025,경기도,연천군,경기도 연천군,1521929
2025,경기도,오산시,경기도 오산시,4779480
2025,경기도,용인시,경기도 용인시,10593627
2025,경기도,용인시 기흥구,경기도 용인시 기흥구,2602384
2025,경기도,용인시 수지구,경기도 용인시 수지구,1785063
2025,경기도,용인시 처인구,경기도 용인시 처인구,6206180
2025,경기도,의왕시,경기도 의왕시,2215468
2025,경기도,의정부시,경기도 의정부시,3650985
2025,경기도,이천시,경기도 이천시,6746329
2025,경기도,파주시,경기도 파주시,6011581
2025,경기도,평택시,경기도 평택시,11926999
2025,경기도,포천시,경기도 포천시,5307639
2025,경기도,하남시,경기도 하남시,1917370
2025,경기도,화성시,경기도 화성시,17642387
2025,강원특별자치도,,강원특별자치도,471016303
2025,강원특별자치도,강릉시,강원특별자치도 강릉시,60311845
2025,강원특별자치도,고성군,강원특별자치도 고성군,39060713
2025,강원특별자치도,동해시,강원특별자치도 동해시,7350016
2025,강원특별자치도,삼척시,강원특별자치도 삼척시,15044817
2025,강원특별자치도,속초시,강원특별자치도 속초시,44823841
2025,강원특별자치도,양구군,강원특별자치도 양구군,1221618
2025,강원특별자치도,양양군,강원특별자치도 양양군,17160810
2025,강원특별자치도,영월군,강원특별자치도 영월군,3826434
2025,강원특별자치도,원주시,강원특별자치도 원주시,44126125
2025,강원특별자치도,인제군,강원특별자치도 인제군,2960470
2025,강원특별자치도,정선군,강원특별자치도 정선군,35568581
2025,강원특별자치도,철원군,강원특별자치도 철원군,1973358
2025,강원특별자치도,춘천시,강원특별자치도 춘천시,15432895
2025,강원특별자치도,태백시,강원특별자치도 태백시,2217857
2025,강원특별자치도,평창군,강원특별자치도 평창군,79848033
2025,강원특별자치도,홍천군,강원특별자치도 홍천군,80011875
2025,강원특별자치도,화천군,강원특별자치도 화천군,934512
2025,강원특별자치도,횡성군,강원특별자치도 횡성군,19142503
2025,충청북도,,충청북도,89868483
2025,충청북도,괴산군,충청북도 괴산군,1844138
2025,충청북도,단양군,충청북도 단양군,5800997
2025,충청북도,보은군,충청북도 보은군,1415147
2025,충청북도,영동군,충청북도 영동군,5645998
2025,충청북도,옥천군,충청북도 옥천군,933272
2025,충청북도,음성군,충청북도 음성군,3963200
2025,충청북도,제천시,충청북도 제천시,29853254
2025,충청북도,증평군,충청북도 증평군,896530
2025,충청북도,진천군,충청북도 진천군,3046308
2025,충청북도,청주시,충청북도 청주시,24802443
2025,충청북도,청주시 상당구,충청북도 청주시 상당구,4437124
2025,충청북도,청주시 서원구,충청북도 청주시 서원구,797469
2025,충청북도,청주시 청원구,충청북도 청주시 청원구,9427225
2025,충청북도,청주시 흥덕구,충청북도 청주시 흥덕구,10140624
2025,충청북도,충주시,충청북도 충주시,11667195
2025,충청남도,,충청남도,120117332
2025,충청남도,계룡시,충청남도 계룡시,722840
2025,충청남도,공주시,충청남도 공주시,3775101
2025,충청남도,금산군,충청남도 금산군,838796
2025,충청남도,논산시,충청남도 논산시,1863959
2025,충청남도,당진시,충청남도 당진시,5136824
2025,충청남도,보령시,충청남도 보령시,12694951
2025,충청남도,부여군,충청남도 부여군,12424145
2025,충청남도,서산시,충청남도 서산시,5871809
2025,충청남도,서천군,충청남도 서천군,1314714
2025,충청남도,아산시,충청남도 아산시,15875373
2025,충청남도,예산군,충청남도 예산군,16584980
2025,충청남도,천안시,충청남도 천안시,22989397
2025,충청남도,천안시 동남구,충청남도 천안시 동남구,13056511
2025,충청남도,천안시 서북구,충청남도 천안시 서북구,9932886
2025,충청남도,청양군,충청남도 청양군,769669
2025,충청남도,태안군,충청남도 태안군,17221631
2025,충청남도,홍성군,충청남도 홍성군,2033142
2025,전라남도,,전라남도,97250174
2025,전라남도,강진군,전라남도 강진군,1136541
2025,전라남도,고흥군,전라남도 고흥군,1707063
2025,전라남도,곡성군,전라남도 곡성군,563097
2025,전라남도,광양시,전라남도 광양시,4571499
2025,전라남도,구례군,전라남도 구례군,2707180
2025,전라남도,나주시,전라남도 나주시,2165818
2025,전라남도,담양군,전라남도 담양군,1392137
2025,전라남도,목포시,전라남도 목포시,9075628
2025,전라남도,무안군,전라남도 무안군,2033713
2025,전라남도,보성군,전라남도 보성군,4621616
2025,전라남도,순천시,전라남도 순천시,4781641
2025,전라남도,신안군,전라남도 신안군,4205492
2025,전라남도,여수시,전라남도 여수시,30911469
2025,전라남도,영광군,전라남도 영광군,1619685
2025,전라남도,영암군,전라남도 영암군,3386800
2025,전라남도,완도군,전라남도 완도군,2218265
2025,전라남도,장성군,전라남도 장성군,949094
2025,전라남도,장흥군,전라남도 장흥군,909979
2025,전라남도,진도군,전라남도 진도군,10288390
2025,전라남도,함평군,전라남도 함평군,390381
2025,전라남도,해남군,전라남도 해남군,2562375
2025,전라남도,화순군,전라남도 화순군,5052316
2025,전북특별자치도,,전북특별자치도,74344833
2025,전북특별자치도,고창군,전북특별자치도 고창군,2024378
2025,전북특별자치도,군산시,전북특별자치도 군산시,9989318
2025,전북특별자치도,김제시,전북특별자치도 김제시,1085003
2025,전북특별자치도,남원시,전북특별자치도 남원시,4412398
2025,전북특별자치도,무주군,전북특별자치도 무주군,17956228
2025,전북특별자치도,부안군,전북특별자치도 부안군,6942015
2025,전북특별자치도,순창군,전북특별자치도 순창군,428852
2025,전북특별자치도,완주군,전북특별자치도 완주군,3517798
2025,전북특별자치도,익산시,전북특별자치도 익산시,5049470
2025,전북특별자치도,임실군,전북특별자치도 임실군,209906
2025,전북특별자치도,장수군,전북특별자치도 장수군,381440
2025,전북특별자치도,전주시,전북특별자치도 전주시,20279670
2025,전북특별자치도,전주시 덕진구,전북특별자치도 전주시 덕진구,9329152
2025,전북특별자치도,전주시 완산구,전북특별자치도 전주시 완산구,10950518
2025,전북특별자치도,정읍시,전북특별자치도 정읍시,1587592
2025,전북특별자치도,진안군,전북특별자치도 진안군,480765
2025,경상북도,,경상북도,116861990
2025,경상북도,경산시,경상북도 경산시,2835954
2025,경상북도,경주시,경상북도 경주시,45517351
2025,경상북도,고령군,경상북도 고령군,156025
2025,경상북도,구미시,경상북도 구미시,7648362
2025,경상북도,김천시,경상북도 김천시,2921244
2025,경상북도,문경시,경상북도 문경시,4279356
2025,경상북도,봉화군,경상북도 봉화군,730991
2025,경상북도,상주시,경상북도 상주시,1501939
2025,경상북도,성주군,경상북도 성주군,1376915
2025,경상북도,안동시,경상북도 안동시,6160023
2025,경상북도,영덕군,경상북도 영덕군,7492221
2025,경상북도,영양군,경상북도 영양군,498005
2025,경상북도,영주시,경상북도 영주시,2413211
2025,경상북도,영천시,경상북도 영천시,1557341
2025,경상북도,예천군,경상북도 예천군,797027
2025,경상북도,울릉군,경상북도 울릉군,2068425
2025,경상북도,울진군,경상북도 울진군,4418388
2025,경상북도,의성군,경상북도 의성군,824151
2025,경상북도,청도군,경상북도 청도군,1986259
2025,경상북도,청송군,경상북도 청송군,4384611
2025,경상북도,칠곡군,경상북도 칠곡군,1477835
2025,경상북도,포항시,경상북도 포항시,15816355
2025,경상북도,포항시 남구,경상북도 포항시 남구,8304830
2025,경상북도,포항시 북구,경상북도 포항시 북구,7511525
2025,경상남도,,경상남도,109156983
2025,경상남도,거제시,경상남도 거제시,15276954
2025,경상남도,거창군,경상남도 거창군,1215211
2025,경상남도,고성군,경상남도 고성군,1468985
2025,경상남도,김해시,경상남도 김해시,9859949
2025,경상남도,남해군,경상남도 남해군,17548146
2025,경상남도,밀양시,경상남도 밀양시,3084617
2025,경상남도,사천시,경상남도 사천시,4530702
2025,경상남도,산청군,경상남도 산청군,748250
2025,경상남도,양산시,경상남도 양산시,4271160
2025,경상남도,의령군,경상남도 의령군,344609
2025,경상남도,진주시,경상남도 진주시,5635898
2025,경상남도,창녕군,경상남도 창녕군,3835783
2025,경상남도,창원시,경상남도 창원시,23777367
2025,경상남도,창원시 마산합포구,경상남도 창원시 마산합포구,3279953
2025,경상남도,창원시 마산회원구,경상남도 창원시 마산회원구,1255004
2025,경상남도,창원시 성산구,경상남도 창원시 성산구,9721268
2025,경상남도,창원시 의창구,경상남도 창원시 의창구,4284775
2025,경상남도,창원시 진해구,경상남도 창원시 진해구,5236366
2025,경상남도,통영시,경상남도 통영시,12391389
2025,경상남도,하동군,경상남도 하동군,2396960
2025,경상남도,함안군,경상남도 함안군,738476
2025,경상남도,함양군,경상남도 함양군,961537
2025,경상남도,합천군,경상남도 합천군,1070989
2025,제주특별자치도,,제주특별자치도,268772740
2025,제주특별자치도,서귀포시,제주특별자치도 서귀포시,222044650
2025,제주특별자치도,제주시,제주특별자치도 제주시,46728089